MR,GP-SP-GO,NP
Беломорский муниципальный район,Беломорское городское поселение,д. Выгостров
Беломорский муниципальный район,Беломорское городское поселение,п. Водников
Беломорский муниципальный район,Беломорское городское поселение,разъезд Горелый Мост1
Беломорский муниципальный район,Беломорское городское поселение,п. Золотец
Беломорский муниципальный район,Беломорское городское поселение,д. Матигора
Беломорский муниципальный район,Беломорское городское поселение,п. при 16 шлюзе ББК
Беломорский муниципальный район,Беломорское городское поселение,п. при 17 шлюзе ББК
Беломорский муниципальный район,Беломорское городское поселение,п. при 18 шлюзе ББК
Беломорский муниципальный район,Беломорское городское поселение,п. при 19 шлюзе ББК1
Беломорский муниципальный район,Беломорское городское поселение,д. Сальнаволок
Беломорский муниципальный район,Беломорское городское поселение,д. Шижня
Беломорский муниципальный район,Летнереченское сельское поселение,д. Красная Горка
Беломорский муниципальный район,Летнереченское сельское поселение,п. Летнереченский
Беломорский муниципальный район,Летнереченское сельское поселение,п. Летний-2
Беломорский муниципальный район,Летнереченское сельское поселение,д. Никонова Сельга
Беломорский муниципальный район,Летнереченское сельское поселение,д. Олимпий2
Беломорский муниципальный район,Летнереченское сельское поселение,п. Палокоргской ГЭС
Беломорский муниципальный район,Летнереченское сельское поселение,п. при 12 шлюзе ББК2
Беломорский муниципальный район,Летнереченское сельское поселение,п. при 13 шлюзе ББК2
Беломорский муниципальный район,Летнереченское сельское поселение,ст. Тунгуда
Беломорский муниципальный район,Сосновецкое сельское поселение,разъезд Большая Уда
Беломорский муниципальный район,Сосновецкое сельское поселение,д. Кевятозеро
Беломорский муниципальный район,Сосновецкое сельское поселение,д. Летнее Озеро
Беломорский муниципальный район,Сосновецкое сельское поселение,с. Лехта
Беломорский муниципальный район,Сосновецкое сельское поселение,д. Машезеро
Беломорский муниципальный район,Сосновецкое сельское поселение,п. Новое Машезеро
Беломорский муниципальный район,Сосновецкое сельское поселение,д. Ноттоваракка
Беломорский муниципальный район,Сосновецкое сельское поселение,д. Остров Большой Жужмуй
Беломорский муниципальный район,Сосновецкое сельское поселение,п. при 14 шлюзе ББК
Беломорский муниципальный район,Сосновецкое сельское поселение,п. при 15 шлюзе ББК1
Беломорский муниципальный район,Сосновецкое сельское поселение,п. Пушной
Беломорский муниципальный район,Сосновецкое сельское поселение,п. Сосновец
Беломорский муниципальный район,Сосновецкое сельское поселение,д. Тунгуда
Беломорский муниципальный район,Сосновецкое сельское поселение,д. Ушково
Беломорский муниципальный район,Сосновецкое сельское поселение,д. Шуезеро
Беломорский муниципальный район,Сосновецкое сельское поселение,с. Шуерецкое
Беломорский муниципальный район,Сумпосадское сельское поселение,п. Вирандозеро
Беломорский муниципальный район,Сумпосадское сельское поселение,с. Вирма
Беломорский муниципальный район,Сумпосадское сельское поселение,ст. Вирма
Беломорский муниципальный район,Сумпосадское сельское поселение,д. Воренжа
Беломорский муниципальный район,Сумпосадское сельское поселение,д. Ендогуба
Беломорский муниципальный район,Сумпосадское сельское поселение,с. Колежма
Беломорский муниципальный район,Сумпосадское сельское поселение,ст. Колежма
Беломорский муниципальный район,Сумпосадское сельское поселение,д. Лапино
Беломорский муниципальный район,Сумпосадское сельское поселение,п. Маленга
Беломорский муниципальный район,Сумпосадское сельское поселение,ст. Маленга
Беломорский муниципальный район,Сумпосадское сельское поселение,с. Нюхча
Беломорский муниципальный район,Сумпосадское сельское поселение,д. Пертозеро
Беломорский муниципальный район,Сумпосадское сельское поселение,разъезд Руйга
Беломорский муниципальный район,Сумпосадское сельское поселение,п. Сумозеро
Беломорский муниципальный район,Сумпосадское сельское поселение,ст. Сумпосад
Беломорский муниципальный район,Сумпосадское сельское поселение,с. Сумский Посад
Беломорский муниципальный район,Сумпосадское сельское поселение,д. Сумостров
Беломорский муниципальный район,Сумпосадское сельское поселение,с. Сухое
Беломорский муниципальный район,Сумпосадское сельское поселение,ст. Тегозеро
Беломорский муниципальный район,Сумпосадское сельское поселение,п. Хвойный
Беломорский муниципальный район,Сумпосадское сельское поселение,мест. Чёрная Ламбина
Беломорский муниципальный район,Сумпосадское сельское поселение,д. Юково
Костомукшский городской округ,Костомукшский городской округ,д. Вокнаволок
Костомукшский городской округ,Костомукшский городской округ,п. Заречный
Костомукшский городской округ,Костомукшский городской округ,д. Ладвозеро
Костомукшский городской округ,Костомукшский городской округ,д. Поньгагуба
Костомукшский городской округ,Костомукшский городской округ,д. Суднозеро
Костомукшский городской округ,Костомукшский городской округ,д. Толлорека
Петрозаводский городской округ,Петрозаводской городской округ,
Калевальский муниципальный район,Калевальское городское поселение,п. Куусиниеми
Калевальский муниципальный район,Боровское сельское поселение,п. Боровой
Калевальский муниципальный район,Луусалмское сельское поселение,п. Войница
Калевальский муниципальный район,Луусалмское сельское поселение,п. Луусалми
Калевальский муниципальный район,Луусалмское сельское поселение,д. Тихтозеро
Калевальский муниципальный район,Юшкозерское сельское поселение,п. Кепа
Калевальский муниципальный район,Юшкозерское сельское поселение,п. Новое Юшкозеро
Калевальский муниципальный район,Юшкозерское сельское поселение,д. Юшкозеро
Кемский муниципальный район,Кемское городское поселение,п. Вочаж
Кемский муниципальный район,Кемское городское поселение,п. 6 км. дороги Кемь-Калевала
Кемский муниципальный район,Кемское городское поселение,п. 14 км. дороги Кемь-Калевала
Кемский муниципальный район,Кривопорожское сельское поселение,п. Авнепорог
Кемский муниципальный район,Кривопорожское сельское поселение,п. Кривой Порог
Кемский муниципальный район,Кривопорожское сельское поселение,д. Панозеро
Кемский муниципальный район,Кривопорожское сельское поселение,п. Панозеро
Кемский муниципальный район,Кривопорожское сельское поселение,п. Шомба
Кемский муниципальный район,Куземское сельское поселение,д. Воньга
Кемский муниципальный район,Куземское сельское поселение,с. Гридино
Кемский муниципальный район,Куземское сельское поселение,с. Калгалакша
Кемский муниципальный район,Куземское сельское поселение,п. Кузема
Кемский муниципальный район,Куземское сельское поселение,ст. Ламбино
Кемский муниципальный район,Куземское сельское поселение,д. Поньгома
Кемский муниципальный район,Куземское сельское поселение,ст. Поньгома
Кемский муниципальный район,Куземское сельское поселение,ст. Сиг
Кемский муниципальный район,Рабочеостровское сельское поселение,ст. Мягрека
Кемский муниципальный район,Рабочеостровское сельское поселение,п. Рабочеостровск
Кондопожский муниципальный район,Кондопожское городское поселение,п. Берёзовка
Кондопожский муниципальный район,Кондопожское городское поселение,разъезд Нигозеро
Кондопожский муниципальный район,Кондопожское городское поселение,д. Сюрьга
Кондопожский муниципальный район,Гирвасское сельское поселение,д. Антипинская
Кондопожский муниципальный район,Гирвасское сельское поселение,д. Белая Гора
Кондопожский муниципальный район,Гирвасское сельское поселение,п. Гирвас
Кондопожский муниципальный район,Гирвасское сельское поселение,д. Евхоя
Кондопожский муниципальный район,Гирвасское сельское поселение,д. Койкары
Кондопожский муниципальный район,Гирвасское сельское поселение,д. Красная Речка
Кондопожский муниципальный район,Гирвасское сельское поселение,д. Лижмозеро
Кондопожский муниципальный район,Гирвасское сельское поселение,д. Линдозеро
Кондопожский муниципальный район,Гирвасское сельское поселение,п. Райгуба
Кондопожский муниципальный район,Гирвасское сельское поселение,д. Святнаволок
Кондопожский муниципальный район,Гирвасское сельское поселение,д. Тивдия
Кондопожский муниципальный район,Гирвасское сельское поселение,д. Уссуна
Кондопожский муниципальный район,Гирвасское сельское поселение,п. Эльмус
Кондопожский муниципальный район,Гирвасское сельское поселение,д. Юркостров
Кондопожский муниципальный район,Гирвасское сельское поселение,д. Юстозеро
Кондопожский муниципальный район,Кедрозерское сельское поселение,д. Ватнаволок
Кондопожский муниципальный район,Кедрозерское сельское поселение,д. Илемсельга
Кондопожский муниципальный район,Кедрозерское сельское поселение,п. Кедрозеро
Кондопожский муниципальный район,Кедрозерское сельское поселение,д. Лижма
Кондопожский муниципальный район,Кедрозерское сельское поселение,ст. Лижма
Кондопожский муниципальный район,Кедрозерское сельское поселение,д. Лукин Остров
Кондопожский муниципальный район,Кедрозерское сельское поселение,д. Мянсельга
Кондопожский муниципальный район,Кедрозерское сельское поселение,п. станция Мянсельга
Кондопожский муниципальный район,Кедрозерское сельское поселение,п. Новый Посёлок
Кондопожский муниципальный район,Кончезерское сельское поселение,д. Большое Вороново
Кондопожский муниципальный район,Кончезерское сельское поселение,д. Викшица
Кондопожский муниципальный район,Кончезерское сельское поселение,д. Восточное Кончезеро
Кондопожский муниципальный район,Кончезерское сельское поселение,д. Галлезеро
Кондопожский муниципальный район,Кончезерское сельское поселение,д. Гомсельга
Кондопожский муниципальный район,Кончезерское сельское поселение,д. Западное Кончезеро
Кондопожский муниципальный район,Кончезерское сельское поселение,п. Кивач
Кондопожский муниципальный район,Кончезерское сельское поселение,с. Кончезеро
Кондопожский муниципальный район,Кончезерское сельское поселение,п. Сопоха
Кондопожский муниципальный район,Кончезерское сельское поселение,д. Чупа
Кондопожский муниципальный район,Кяппесельгское сельское поселение,ст. Викшезеро
Кондопожский муниципальный район,Кяппесельгское сельское поселение,д. Кяппесельга
Кондопожский муниципальный район,Кяппесельгское сельское поселение,п. Кяппесельга
Кондопожский муниципальный район,Кяппесельгское сельское поселение,д. Листнаволок
Кондопожский муниципальный район,Кяппесельгское сельское поселение,п. Пролетарка
Кондопожский муниципальный район,Кяппесельгское сельское поселение,д. Уница
Кондопожский муниципальный район,Кяппесельгское сельское поселение,д. Шайдома
Кондопожский муниципальный район,Новинское сельское поселение,д. Большое Гангозеро
Кондопожский муниципальный район,Новинское сельское поселение,д. Голышева Новинка
Кондопожский муниципальный район,Новинское сельское поселение,д. Горка
Кондопожский муниципальный район,Новинское сельское поселение,д. Еркоева Новинка
Кондопожский муниципальный район,Новинское сельское поселение,д. Кулмукса
Кондопожский муниципальный район,Новинское сельское поселение,д. Лукин Наволок
Кондопожский муниципальный район,Новинское сельское поселение,д. Малое Гангозеро
Кондопожский муниципальный район,Новинское сельское поселение,д. Подгорная
Кондопожский муниципальный район,Новинское сельское поселение,д. Улитина Новинка
Кондопожский муниципальный район,Новинское сельское поселение,д. Чеболакша
Кондопожский муниципальный район,Петровское сельское поселение,д. Ватчела
Кондопожский муниципальный район,Петровское сельское поселение,д. Верхняя Ламба
Кондопожский муниципальный район,Петровское сельское поселение,д. Вохтозеро
Кондопожский муниципальный район,Петровское сельское поселение,д. Готнаволок
Кондопожский муниципальный район,Петровское сельское поселение,д. Декнаволок
Кондопожский муниципальный район,Петровское сельское поселение,п. Марциальные Воды
Кондопожский муниципальный район,Петровское сельское поселение,д. Мунозеро
Кондопожский муниципальный район,Петровское сельское поселение,д. Наволок
Кондопожский муниципальный район,Петровское сельское поселение,п. Нелгомозеро
Кондопожский муниципальный район,Петровское сельское поселение,д. Пялозеро
Кондопожский муниципальный район,Петровское сельское поселение,с. Спасская Губа
Кондопожский муниципальный район,Петровское сельское поселение,д. Тереки
Кондопожский муниципальный район,Петровское сельское поселение,д. Утуки
Кондопожский муниципальный район,Янишпольское сельское поселение,ст. Заделье
Кондопожский муниципальный район,Янишпольское сельское поселение,д. Кодогуба
Кондопожский муниципальный район,Янишпольское сельское поселение,д. Кодостров
Кондопожский муниципальный район,Янишпольское сельское поселение,ст. Лучевой
Кондопожский муниципальный район,Янишпольское сельское поселение,д. Мережнаволок
Кондопожский муниципальный район,Янишпольское сельское поселение,д. Суна
Кондопожский муниципальный район,Янишпольское сельское поселение,д. Тулгуба
Кондопожский муниципальный район,Янишпольское сельское поселение,д. Часовенская
Кондопожский муниципальный район,Янишпольское сельское поселение,д. Чупа
Кондопожский муниципальный район,Янишпольское сельское поселение,с. Янишполе
Лахденпохский муниципальный район,Лахденпохское городское поселение,ст. Яккима
Лахденпохский муниципальный район,Куркиёкское сельское поселение,п. Алхо
Лахденпохский муниципальный район,Куркиёкское сельское поселение,п. Вятиккя
Лахденпохский муниципальный район,Куркиёкское сельское поселение,п. Ихоярвенкюля
Лахденпохский муниципальный район,Куркиёкское сельское поселение,п. Куркиёки
Лахденпохский муниципальный район,Куркиёкское сельское поселение,п. Ласанен
Лахденпохский муниципальный район,Куркиёкское сельское поселение,п. Отсанлахти
Лахденпохский муниципальный район,Куркиёкское сельское поселение,п. Пелтола
Лахденпохский муниципальный район,Куркиёкское сельское поселение,п. Соскуа
Лахденпохский муниципальный район,Куркиёкское сельское поселение,п. Терваярви
Лахденпохский муниципальный район,Куркиёкское сельское поселение,п. Терву
Лахденпохский муниципальный район,Куркиёкское сельское поселение,п. Хухтерву
Лахденпохский муниципальный район,Мийнальское сельское поселение,п. Ихала
Лахденпохский муниципальный район,Мийнальское сельское поселение,п. Коконниэми
Лахденпохский муниципальный район,Мийнальское сельское поселение,п. Кортела
Лахденпохский муниципальный район,Мийнальское сельское поселение,п. Лумиваара
Лахденпохский муниципальный район,Мийнальское сельское поселение,п. Метсямикли
Лахденпохский муниципальный район,Мийнальское сельское поселение,п. Мийнала
Лахденпохский муниципальный район,Мийнальское сельское поселение,п. Микли
Лахденпохский муниципальный район,Мийнальское сельское поселение,п. Нива
Лахденпохский муниципальный район,Мийнальское сельское поселение,п. Оппола
Лахденпохский муниципальный район,Мийнальское сельское поселение,п. Пайкъярвенкюля
Лахденпохский муниципальный район,Мийнальское сельское поселение,п. Парконмяки
Лахденпохский муниципальный район,Мийнальское сельское поселение,п. Райвио
Лахденпохский муниципальный район,Мийнальское сельское поселение,п. Раухала
Лахденпохский муниципальный район,Мийнальское сельское поселение,п. Сикопохья
Лахденпохский муниципальный район,Мийнальское сельское поселение,п. Сорола
Лахденпохский муниципальный район,Мийнальское сельское поселение,п. Уусикюля
Лахденпохский муниципальный район,Мийнальское сельское поселение,п. Ханканмяки
Лахденпохский муниципальный район,Мийнальское сельское поселение,п. Харвиа
Лахденпохский муниципальный район,Хийтольское сельское поселение,п. Асилан
Лахденпохский муниципальный район,Хийтольское сельское поселение,п. Ильме
Лахденпохский муниципальный район,Хийтольское сельское поселение,п. Куликово
Лахденпохский муниципальный район,Хийтольское сельское поселение,п. Куянсуо
Лахденпохский муниципальный район,Хийтольское сельское поселение,п. Ринтала
Лахденпохский муниципальный район,Хийтольское сельское поселение,п. Тиурула
Лахденпохский муниципальный район,Хийтольское сельское поселение,п. Тоунан
Лахденпохский муниципальный район,Хийтольское сельское поселение,п. Хауккаваара
Лахденпохский муниципальный район,Хийтольское сельское поселение,п. Хийтола
Лахденпохский муниципальный район,Элисенваарское сельское поселение,п. Аккахарью
Лахденпохский муниципальный район,Элисенваарское сельское поселение,п. Вялимяки
Лахденпохский муниципальный район,Элисенваарское сельское поселение,п. Кайвомяки
Лахденпохский муниципальный район,Элисенваарское сельское поселение,п. Кетроваара
Лахденпохский муниципальный район,Элисенваарское сельское поселение,п. Костамоярви
Лахденпохский муниципальный район,Элисенваарское сельское поселение,п. Ламминкюля
Лахденпохский муниципальный район,Элисенваарское сельское поселение,п. Сорьё
Лахденпохский муниципальный район,Элисенваарское сельское поселение,п. Сювяоро
Лахденпохский муниципальный район,Элисенваарское сельское поселение,п. Таустамяки
Лахденпохский муниципальный район,Элисенваарское сельское поселение,п. Элисенваара
Лахденпохский муниципальный район,Элисенваарское сельское поселение,п. Эстерло
Лоухский муниципальный район,Чупинское городское поселение,ст. Чупа
Лоухский муниципальный район,Лоухское городское поселение,
Лоухский муниципальный район,Пяозерское городское поселение,
Лоухский муниципальный район,Амбарнское сельское поселение,п. Амбарный
Лоухский муниципальный район,Амбарнское сельское поселение,ст. Боярская
Лоухский муниципальный район,Амбарнское сельское поселение,п. Энгозеро
Лоухский муниципальный район,Кестеньгское сельское поселение,д. Зашеек
Лоухский муниципальный район,Кестеньгское сельское поселение,п. Кестеньга
Лоухский муниципальный район,Кестеньгское сельское поселение,д. Коккосалма
Лоухский муниципальный район,Кестеньгское сельское поселение,д. Кушеванда
Лоухский муниципальный район,Кестеньгское сельское поселение,п. Новый Софпорог
Лоухский муниципальный район,Кестеньгское сельское поселение,п. Сосновый
Лоухский муниципальный район,Кестеньгское сельское поселение,п. Софпорог
Лоухский муниципальный район,Кестеньгское сельское поселение,п. Тунгозеро
Лоухский муниципальный район,Кестеньгское сельское поселение,п. Тухкала
Лоухский муниципальный район,Малиновараккское сельское поселение,п. Карельский
Лоухский муниципальный район,Малиновараккское сельское поселение,ст. Кереть
Лоухский муниципальный район,Малиновараккское сельское поселение,ст. Котозеро
Лоухский муниципальный район,Малиновараккское сельское поселение,п. Малиновая Варакка
Лоухский муниципальный район,Малиновараккское сельское поселение,д. Нижняя Пулонга
Лоухский муниципальный район,Малиновараккское сельское поселение,д. Нильмогуба
Лоухский муниципальный район,Малиновараккское сельское поселение,д. Нильмозеро
Лоухский муниципальный район,Малиновараккское сельское поселение,ст. Полярный Круг
Лоухский муниципальный район,Малиновараккское сельское поселение,п. Приморский
Лоухский муниципальный район,Малиновараккское сельское поселение,п. Тэдино
Лоухский муниципальный район,Малиновараккское сельское поселение,п. Хетоламбина
Лоухский муниципальный район,Малиновараккское сельское поселение,д. Чёрная Река
Лоухский муниципальный район,Плотинское сельское поселение,п. Плотина
Лоухский муниципальный район,Плотинское сельское поселение,п. Чкаловский
Медвежьегорский муниципальный район,Медвежьегорское городское поселение,п. Вичка
Медвежьегорский муниципальный район,Медвежьегорское городское поселение,ст. Пергуба
Медвежьегорский муниципальный район,Медвежьегорское городское поселение,п. Питомник
Медвежьегорский муниципальный район,Пиндушское городское поселение,п. Ванзозеро
Медвежьегорский муниципальный район,Пиндушское городское поселение,п. Великая Губа
Медвежьегорский муниципальный район,Пиндушское городское поселение,ст. Вичка
Медвежьегорский муниципальный район,Пиндушское городское поселение,д. Лумбуши
Медвежьегорский муниципальный район,Пиндушское городское поселение,ст. Лумбушозеро
Медвежьегорский муниципальный район,Пиндушское городское поселение,ст. Малыга
Медвежьегорский муниципальный район,Пиндушское городское поселение,ст. Масельгская
Медвежьегорский муниципальный район,Пиндушское городское поселение,д. Салмагуба
Медвежьегорский муниципальный район,Повенецкое городское поселение,п. Верхнее Волозеро
Медвежьегорский муниципальный район,Повенецкое городское поселение,д. Габсельга
Медвежьегорский муниципальный район,Повенецкое городское поселение,д. Лобское
Медвежьегорский муниципальный район,Повенецкое городское поселение,п. Лобское
Медвежьегорский муниципальный район,Повенецкое городское поселение,п. Морская Масельга
Медвежьегорский муниципальный район,Повенецкое городское поселение,п. Новая Габсельга
Медвежьегорский муниципальный район,Повенецкое городское поселение,п. при 1 шлюзе ББК
Медвежьегорский муниципальный район,Повенецкое городское поселение,п. при 2 шлюзе ББК
Медвежьегорский муниципальный район,Повенецкое городское поселение,п. при 3 шлюзе ББК
Медвежьегорский муниципальный район,Повенецкое городское поселение,п. при 4 шлюзе ББК
Медвежьегорский муниципальный район,Повенецкое городское поселение,п. при 5 шлюзе ББК
Медвежьегорский муниципальный район,Повенецкое городское поселение,п. при 7 шлюзе ББК
Медвежьегорский муниципальный район,Повенецкое городское поселение,п. при 8 шлюзе ББК
Медвежьегорский муниципальный район,Повенецкое городское поселение,п. при 9 шлюзе ББК
Медвежьегорский муниципальный район,Повенецкое городское поселение,с. Сосновка
Медвежьегорский муниципальный район,Повенецкое городское поселение,д. Тихвин Бор
Медвежьегорский муниципальный район,Повенецкое городское поселение,п. Хижозеро
Медвежьегорский муниципальный район,Великогубское сельское поселение,п. Больничный
Медвежьегорский муниципальный район,Великогубское сельское поселение,д. Боярщина
Медвежьегорский муниципальный район,Великогубское сельское поселение,д. Васильево
Медвежьегорский муниципальный район,Великогубское сельское поселение,с. Великая Губа
Медвежьегорский муниципальный район,Великогубское сельское поселение,д. Великая Нива
Медвежьегорский муниципальный район,Великогубское сельское поселение,д. Вигово
Медвежьегорский муниципальный район,Великогубское сельское поселение,д. Воробьи
Медвежьегорский муниципальный район,Великогубское сельское поселение,д. Голиково
Медвежьегорский муниципальный район,Великогубское сельское поселение,д. Еглово
Медвежьегорский муниципальный район,Великогубское сельское поселение,д. Ерсенево
Медвежьегорский муниципальный район,Великогубское сельское поселение,д. Клементьевская
Медвежьегорский муниципальный район,Великогубское сельское поселение,д. Кондобережская
Медвежьегорский муниципальный район,Великогубское сельское поселение,д. Космозеро
Медвежьегорский муниципальный район,Великогубское сельское поселение,д. Кургеницы
Медвежьегорский муниципальный район,Великогубское сельское поселение,д. Кярзино
Медвежьегорский муниципальный район,Великогубское сельское поселение,п. Ламбасручей
Медвежьегорский муниципальный район,Великогубское сельское поселение,д. Лонгасы
Медвежьегорский муниципальный район,Великогубское сельское поселение,д. Носоновщина
Медвежьегорский муниципальный район,Великогубское сельское поселение,д. Палтега
Медвежьегорский муниципальный район,Великогубское сельское поселение,д. Патаневщина
Медвежьегорский муниципальный район,Великогубское сельское поселение,д. Патрово
Медвежьегорский муниципальный район,Великогубское сельское поселение,д. Первые Гарницы
Медвежьегорский муниципальный район,Великогубское сельское поселение,д. Петры
Медвежьегорский муниципальный район,Великогубское сельское поселение,д. Плешки
Медвежьегорский муниципальный район,Великогубское сельское поселение,д. Поля
Медвежьегорский муниципальный район,Великогубское сельское поселение,д. Пургино
Медвежьегорский муниципальный район,Великогубское сельское поселение,д. Речка
Медвежьегорский муниципальный район,Великогубское сельское поселение,д. Сенная Губа
Медвежьегорский муниципальный район,Великогубское сельское поселение,д. Сибово
Медвежьегорский муниципальный район,Великогубское сельское поселение,д. Спировка
Медвежьегорский муниципальный район,Великогубское сельское поселение,д. Тамбицы
Медвежьегорский муниципальный район,Великогубское сельское поселение,д. Терехово
Медвежьегорский муниципальный район,Великогубское сельское поселение,д. Типиницы
Медвежьегорский муниципальный район,Великогубское сельское поселение,д. Телятниково
Медвежьегорский муниципальный район,Великогубское сельское поселение,д. Узкие
Медвежьегорский муниципальный район,Великогубское сельское поселение,д. Усть-Яндома
Медвежьегорский муниципальный район,Великогубское сельское поселение,д. Шильтя
Медвежьегорский муниципальный район,Великогубское сельское поселение,д. Щепино
Медвежьегорский муниципальный район,Великогубское сельское поселение,д. Яндомозеро
Медвежьегорский муниципальный район,Великогубское сельское поселение,д. Ямка
Медвежьегорский муниципальный район,Паданское сельское поселение,п. Ахвенламби
Медвежьегорский муниципальный район,Паданское сельское поселение,д. Венгигора
Медвежьегорский муниципальный район,Паданское сельское поселение,п. Евгора
Медвежьегорский муниципальный район,Паданское сельское поселение,д. Маслозеро
Медвежьегорский муниципальный район,Паданское сельское поселение,с. Паданы
Медвежьегорский муниципальный район,Паданское сельское поселение,д. Погост
Медвежьегорский муниципальный район,Паданское сельское поселение,д. Сельги
Медвежьегорский муниципальный район,Паданское сельское поселение,д. Сяргозеро
Медвежьегорский муниципальный район,Паданское сельское поселение,д. Терманы
Медвежьегорский муниципальный район,Паданское сельское поселение,д. Шалговаара
Медвежьегорский муниципальный район,Паданское сельское поселение,п. Шалговаара
Медвежьегорский муниципальный район,Паданское сельское поселение,д. Юккогуба
Медвежьегорский муниципальный район,Толвуйское сельское поселение,д. Белохино
Медвежьегорский муниципальный район,Толвуйское сельское поселение,д. Берег
Медвежьегорский муниципальный район,Толвуйское сельское поселение,д. Большая Нива
Медвежьегорский муниципальный район,Толвуйское сельское поселение,д. Бор
Медвежьегорский муниципальный район,Толвуйское сельское поселение,д. Вицино
Медвежьегорский муниципальный район,Толвуйское сельское поселение,д. Вырозеро
Медвежьегорский муниципальный район,Толвуйское сельское поселение,д. Загубье
Медвежьегорский муниципальный район,Толвуйское сельское поселение,д. Зажогинская
Медвежьегорский муниципальный район,Толвуйское сельское поселение,д. Заречье
Медвежьегорский муниципальный район,Толвуйское сельское поселение,д. Кривоноговская
Медвежьегорский муниципальный район,Толвуйское сельское поселение,д. Кузаранда
Медвежьегорский муниципальный район,Толвуйское сельское поселение,д. Лебещина
Медвежьегорский муниципальный район,Толвуйское сельское поселение,д. Малая Нива
Медвежьегорский муниципальный район,Толвуйское сельское поселение,д. Никитинская
Медвежьегорский муниципальный район,Толвуйское сельское поселение,д. Падмозеро
Медвежьегорский муниципальный район,Толвуйское сельское поселение,д. Савинская
Медвежьегорский муниципальный район,Толвуйское сельское поселение,д. Свечниковская
Медвежьегорский муниципальный район,Толвуйское сельское поселение,д. Толвуя
Медвежьегорский муниципальный район,Чебинское сельское поселение,п. Большая Сельга
Медвежьегорский муниципальный район,Чебинское сельское поселение,д. Загубье
Медвежьегорский муниципальный район,Чебинское сельское поселение,д. Карельская Масельга
Медвежьегорский муниципальный район,Чебинское сельское поселение,д. Карзикозеро
Медвежьегорский муниципальный район,Чебинское сельское поселение,п. Кумса-2
Медвежьегорский муниципальный район,Чебинское сельское поселение,д. Мяндусельга
Медвежьегорский муниципальный район,Чебинское сельское поселение,д. Остречье
Медвежьегорский муниципальный район,Чебинское сельское поселение,п. Падун
Медвежьегорский муниципальный район,Чебинское сельское поселение,д. Покровское
Медвежьегорский муниципальный район,Чебинское сельское поселение,д. Семчезеро
Медвежьегорский муниципальный район,Чебинское сельское поселение,д. Чёбино
Медвежьегорский муниципальный район,Челмужское сельское поселение,п. Возрицы
Медвежьегорский муниципальный район,Челмужское сельское поселение,д. Данилово
Медвежьегорский муниципальный район,Челмужское сельское поселение,п. Немино-3
Медвежьегорский муниципальный район,Челмужское сельское поселение,п. Сергиево
Медвежьегорский муниципальный район,Челмужское сельское поселение,п. Огорелыши
Медвежьегорский муниципальный район,Челмужское сельское поселение,д. Чёлмужи
Медвежьегорский муниципальный район,Шуньгское сельское поселение,д. Ажепнаволок
Медвежьегорский муниципальный район,Шуньгское сельское поселение,д. Батова
Медвежьегорский муниципальный район,Шуньгское сельское поселение,д. Бережная
Медвежьегорский муниципальный район,Шуньгское сельское поселение,п. Больничный
Медвежьегорский муниципальный район,Шуньгское сельское поселение,д. Бор-Пуданцев
Медвежьегорский муниципальный район,Шуньгское сельское поселение,д. Верхняя Путка
Медвежьегорский муниципальный район,Шуньгское сельское поселение,д. Горская
Медвежьегорский муниципальный район,Шуньгское сельское поселение,д. Деригузово
Медвежьегорский муниципальный район,Шуньгское сельское поселение,д. Екимово
Медвежьегорский муниципальный район,Шуньгское сельское поселение,д. Ионина Гора
Медвежьегорский муниципальный район,Шуньгское сельское поселение,д. Кажма
Медвежьегорский муниципальный район,Шуньгское сельское поселение,д. Кефтеницы
Медвежьегорский муниципальный район,Шуньгское сельское поселение,д. Коробейниково
Медвежьегорский муниципальный район,Шуньгское сельское поселение,д. Коровниково
Медвежьегорский муниципальный район,Шуньгское сельское поселение,д. Лахново
Медвежьегорский муниципальный район,Шуньгское сельское поселение,д. Медведева
Медвежьегорский муниципальный район,Шуньгское сельское поселение,п. ММС
Медвежьегорский муниципальный район,Шуньгское сельское поселение,д. Мустова
Медвежьегорский муниципальный район,Шуньгское сельское поселение,д. Никонова Губа
Медвежьегорский муниципальный район,Шуньгское сельское поселение,д. Онежены
Медвежьегорский муниципальный район,Шуньгское сельское поселение,д. Онтова
Медвежьегорский муниципальный район,Шуньгское сельское поселение,д. Перхина
Медвежьегорский муниципальный район,Шуньгское сельское поселение,д. Побережье
Медвежьегорский муниципальный район,Шуньгское сельское поселение,д. Подгорская
Медвежьегорский муниципальный район,Шуньгское сельское поселение,д. Сигово
Медвежьегорский муниципальный район,Шуньгское сельское поселение,д. Тимохово
Медвежьегорский муниципальный район,Шуньгское сельское поселение,д. Федотово
Медвежьегорский муниципальный район,Шуньгское сельское поселение,д. Фоминская
Медвежьегорский муниципальный район,Шуньгское сельское поселение,д. Хашезеро
Медвежьегорский муниципальный район,Шуньгское сельское поселение,д. Черкасы
Медвежьегорский муниципальный район,Шуньгское сельское поселение,д. Шуньга
Муезерский муниципальный район,Воломское сельское поселение,п. Волома
Муезерский муниципальный район,Воломское сельское поселение,ст. Сонозеро
Муезерский муниципальный район,Ледмозерское сельское поселение,п. Ледмозеро
Муезерский муниципальный район,Ледмозерское сельское поселение,д. Кимасозеро
Муезерский муниципальный район,Ледмозерское сельское поселение,п. Тикша
Муезерский муниципальный район,Лендерское сельское поселение,п. Лендеры-1
Муезерский муниципальный район,Лендерское сельское поселение,п. Лендеры
Муезерский муниципальный район,Лендерское сельское поселение,ст. Лендеры
Муезерский муниципальный район,Лендерское сельское поселение,п. Кимоваара
Муезерский муниципальный район,Лендерское сельское поселение,п. Мотко
Муезерский муниципальный район,Лендерское сельское поселение,ст. Мотко
Муезерский муниципальный район,Пенингское сельское поселение,п. Пенинга
Муезерский муниципальный район,Пенингское сельское поселение,ст. Пенинга
Муезерский муниципальный район,Ребольское сельское поселение,д. Емельяновка
Муезерский муниципальный район,Ребольское сельское поселение,д. Колвасозеро
Муезерский муниципальный район,Ребольское сельское поселение,с. Реболы
Муезерский муниципальный район,Ругозерское сельское поселение,п. Ондозеро
Муезерский муниципальный район,Ругозерское сельское поселение,с. Ругозеро
Муезерский муниципальный район,Ругозерское сельское поселение,п. Северный
Муезерский муниципальный район,Суккозерское сельское поселение,п. Гимолы
Муезерский муниципальный район,Суккозерское сельское поселение,п. Суккозеро
Муезерский муниципальный район,Суккозерское сельское поселение,ст. Суун
Муезерский муниципальный район,Суккозерское сельское поселение,п. Тумба
Муезерский муниципальный район,Муезерское городское поселение,
Олонецкий муниципальный район,Олонецкое городское поселение,д. Верховье
Олонецкий муниципальный район,Олонецкое городское поселение,д. Иммалицы
Олонецкий муниципальный район,Олонецкое городское поселение,д. Капшойла
Олонецкий муниципальный район,Олонецкое городское поселение,д. Путилица
Олонецкий муниципальный район,Олонецкое городское поселение,д. Рыпушкалицы
Олонецкий муниципальный район,Олонецкое городское поселение,д. Судалица
Олонецкий муниципальный район,Олонецкое городское поселение,д. Татчелица
Олонецкий муниципальный район,Олонецкое городское поселение,д. Тахтасово
Олонецкий муниципальный район,Видлицкое сельское поселение,д. Большие Горы
Олонецкий муниципальный район,Видлицкое сельское поселение,д. Верхняя Видлица
Олонецкий муниципальный район,Видлицкое сельское поселение,с. Видлица
Олонецкий муниципальный район,Видлицкое сельское поселение,д. Гавриловка
Олонецкий муниципальный район,Видлицкое сельское поселение,п. Устье Видлицы
Олонецкий муниципальный район,Ильинское сельское поселение,д. Алексала
Олонецкий муниципальный район,Ильинское сельское поселение,д. Большаково
Олонецкий муниципальный район,Ильинское сельское поселение,д. Герпеля
Олонецкий муниципальный район,Ильинское сельское поселение,д. Еройла
Олонецкий муниципальный район,Ильинское сельское поселение,д. Ильинская Горка
Олонецкий муниципальный район,Ильинское сельское поселение,п. Ильинский
Олонецкий муниципальный район,Ильинское сельское поселение,с. Нурмойла
Олонецкий муниципальный район,Ильинское сельское поселение,д. Седокса
Олонецкий муниципальный район,Ильинское сельское поселение,п. совхоза «Ильинский»
Олонецкий муниципальный район,Ильинское сельское поселение,д. Тулокса
Олонецкий муниципальный район,Ильинское сельское поселение,д. Устье Тулоксы
Олонецкий муниципальный район,Коверское сельское поселение,д. Гушкала
Олонецкий муниципальный район,Коверское сельское поселение,п. Ковера
Олонецкий муниципальный район,Коверское сельское поселение,д. Кукшегоры
Олонецкий муниципальный район,Коверское сельское поселение,д. Лемозеро
Олонецкий муниципальный район,Коверское сельское поселение,д. Нинисельга
Олонецкий муниципальный район,Коверское сельское поселение,д. Новинка
Олонецкий муниципальный район,Коверское сельское поселение,д. Нурмолицы
Олонецкий муниципальный район,Коверское сельское поселение,д. Сорочья Гора
Олонецкий муниципальный район,Коверское сельское поселение,д. Сяндеба
Олонецкий муниципальный район,Коверское сельское поселение,д. Сяппяваара
Олонецкий муниципальный район,Коверское сельское поселение,д. Тенгусельга
Олонецкий муниципальный район,Коверское сельское поселение,д. Тигвера
Олонецкий муниципальный район,Коверское сельское поселение,д. Тулосозеро
Олонецкий муниципальный район,Коткозерское сельское поселение,д. Берёзовая Гора
Олонецкий муниципальный район,Коткозерское сельское поселение,д. Вагвозеро
Олонецкий муниципальный район,Коткозерское сельское поселение,п. Верхнеолонецкий
Олонецкий муниципальный район,Коткозерское сельское поселение,д. Гошкила
Олонецкий муниципальный район,Коткозерское сельское поселение,п. Интерпосёлок
Олонецкий муниципальный район,Коткозерское сельское поселение,д. Кескозеро
Олонецкий муниципальный район,Коткозерское сельское поселение,д. Коткозеро
Олонецкий муниципальный район,Коткозерское сельское поселение,д. Лумбозеро
Олонецкий муниципальный район,Коткозерское сельское поселение,д. Торосозеро
Олонецкий муниципальный район,Коткозерское сельское поселение,д. Утозеро
Олонецкий муниципальный район,Коткозерское сельское поселение,п. Чёрная Речка
Олонецкий муниципальный район,Куйтежское сельское поселение,д. Куйтежа
Олонецкий муниципальный район,Куйтежское сельское поселение,д. Мегрозеро
Олонецкий муниципальный район,Куйтежское сельское поселение,п. Речная Сельга
Олонецкий муниципальный район,Куйтежское сельское поселение,д. Сельга
Олонецкий муниципальный район,Мегрегское сельское поселение,д. Габановский Маяк
Олонецкий муниципальный район,Мегрегское сельское поселение,д. Инема
Олонецкий муниципальный район,Мегрегское сельское поселение,д. Мегрега
Олонецкий муниципальный район,Мегрегское сельское поселение,д. Обжа
Олонецкий муниципальный район,Мегрегское сельское поселение,д. Онькулица
Олонецкий муниципальный район,Мегрегское сельское поселение,д. Самбатукса
Олонецкий муниципальный район,Мегрегское сельское поселение,д. Сармяги
Олонецкий муниципальный район,Мегрегское сельское поселение,д. Юргелица
Олонецкий муниципальный район,Михайловское сельское поселение,д. Гижино
Олонецкий муниципальный район,Михайловское сельское поселение,с. Михайловское
Олонецкий муниципальный район,Михайловское сельское поселение,д. Ташкеницы
Олонецкий муниципальный район,Туксинское сельское поселение,д. Тукса
Питкярантский муниципальный район,Питкярантское городское поселение,д. Койриноя
Питкярантский муниципальный район,Питкярантское городское поселение,д. Ууксу
Питкярантский муниципальный район,Питкярантское городское поселение,п. Юляристиоя
Питкярантский муниципальный район,Импилахтинское сельское поселение,д. Вуорилампи
Питкярантский муниципальный район,Импилахтинское сельское поселение,п. Импилахти
Питкярантский муниципальный район,Импилахтинское сельское поселение,д. Кирконкюля
Питкярантский муниципальный район,Импилахтинское сельское поселение,д. Кителя
Питкярантский муниципальный район,Импилахтинское сельское поселение,д. Леппясилта
Питкярантский муниципальный район,Импилахтинское сельское поселение,д. Метсякюля
Питкярантский муниципальный район,Импилахтинское сельское поселение,д. Сумериа
Питкярантский муниципальный район,Импилахтинское сельское поселение,д. Сюскюя
Питкярантский муниципальный район,Импилахтинское сельское поселение,д. Терванселькя
Питкярантский муниципальный район,Ляскельское сельское поселение,д. Керисюрья
Питкярантский муниципальный район,Ляскельское сельское поселение,п. Ляскеля
Питкярантский муниципальный район,Ляскельское сельское поселение,д. Пауссу
Питкярантский муниципальный район,Ляскельское сельское поселение,д. Хийденсельга
Питкярантский муниципальный район,Ляскельское сельское поселение,д. Янис
Питкярантский муниципальный район,Салминское сельское поселение,д. Кавгозеро
Питкярантский муниципальный район,Салминское сельское поселение,д. Карку
Питкярантский муниципальный район,Салминское сельское поселение,д. Кирккоеки
Питкярантский муниципальный район,Салминское сельское поселение,д. Ковайно
Питкярантский муниципальный район,Салминское сельское поселение,д. Мансила
Питкярантский муниципальный район,Салминское сельское поселение,д. Мийнала
Питкярантский муниципальный район,Салминское сельское поселение,д. Орусъярви
Питкярантский муниципальный район,Салминское сельское поселение,д. острова Лункулансаари
Питкярантский муниципальный район,Салминское сельское поселение,д. острова Мантсинсаари
Питкярантский муниципальный район,Салминское сельское поселение,д. Погранкондуши
Питкярантский муниципальный район,Салминское сельское поселение,д. Ряймяля
Питкярантский муниципальный район,Салминское сельское поселение,п. Салми
Питкярантский муниципальный район,Харлуское сельское поселение,д. Алатту
Питкярантский муниципальный район,Харлуское сельское поселение,д. Рауталахти
Питкярантский муниципальный район,Харлуское сельское поселение,д. Улмалахти
Питкярантский муниципальный район,Харлуское сельское поселение,п. Харлу
Питкярантский муниципальный район,Харлуское сельское поселение,д. Хямекоски
Питкярантский муниципальный район,Харлуское сельское поселение,ст. Янисъярви
Прионежский муниципальный район,Гарнизонное сельское поселение,п. Чална-1
Прионежский муниципальный район,Гарнизонное сельское поселение,д. Порожек
Прионежский муниципальный район,Деревянкское сельское поселение,п. Деревянка
Прионежский муниципальный район,Деревянкское сельское поселение,п. Пяжиева Сельга
Прионежский муниципальный район,Деревянское сельское поселение,с. Деревянное
Прионежский муниципальный район,Деревянское сельское поселение,ст. Орзега
Прионежский муниципальный район,Деревянское сельское поселение,д. Педасельга
Прионежский муниципальный район,Деревянское сельское поселение,д. Ужесельга
Прионежский муниципальный район,Деревянское сельское поселение,д. Уя
Прионежский муниципальный район,Заозерское сельское поселение,с. Заозерье
Прионежский муниципальный район,Заозерское сельское поселение,д. Берёзовые Мосты
Прионежский муниципальный район,Заозерское сельское поселение,д. Суйсарь
Прионежский муниципальный район,Заозерское сельское поселение,д. Суйсарь на острове
Прионежский муниципальный район,Заозерское сельское поселение,д. Ялгуба
Прионежский муниципальный район,Ладвинское сельское поселение,п. Ладва
Прионежский муниципальный район,Ладвинское сельское поселение,п. Пухта
Прионежский муниципальный район,Ладва-Веткинское сельское поселение,п. Ладва-Ветка
Прионежский муниципальный район,Ладва-Веткинское сельское поселение,ст. Нырки
Прионежский муниципальный район,Ладва-Веткинское сельское поселение,с. Таржеполь
Прионежский муниципальный район,Мелиоративное сельское поселение,п. Мелиоративный
Прионежский муниципальный район,Нововилговское сельское поселение,д. Вилга
Прионежский муниципальный район,Нововилговское сельское поселение,д. Лососинное
Прионежский муниципальный район,Нововилговское сельское поселение,д. Машезеро
Прионежский муниципальный район,Нововилговское сельское поселение,п. Новая Вилга
Прионежский муниципальный район,Нововилговское сельское поселение,п. Новое Лососинное
Прионежский муниципальный район,Нововилговское сельское поселение,д. Половина
Прионежский муниципальный район,Пайское сельское поселение,п. Пай
Прионежский муниципальный район,Пайское сельское поселение,д. Ревсельга
Прионежский муниципальный район,Рыборецкое вепсское сельское поселение,д. Другая Река
Прионежский муниципальный район,Рыборецкое вепсское сельское поселение,д. Каскесручей
Прионежский муниципальный район,Рыборецкое вепсское сельское поселение,с. Рыбрека
Прионежский муниципальный район,Шелтозерское вепсское сельское поселение,д. Вехручей
Прионежский муниципальный район,Шелтозерское вепсское сельское поселение,д. Горное Шелтозеро
Прионежский муниципальный район,Шелтозерское вепсское сельское поселение,д. Залесье
Прионежский муниципальный район,Шелтозерское вепсское сельское поселение,д. Ишанино
Прионежский муниципальный район,Шелтозерское вепсское сельское поселение,д. Матвеева Сельга
Прионежский муниципальный район,Шелтозерское вепсское сельское поселение,с. Шелтозеро
Прионежский муниципальный район,Шокшинское вепсское сельское поселение,п. Кварцитный
Прионежский муниципальный район,Шокшинское вепсское сельское поселение,с. Шокша
Прионежский муниципальный район,Шокшинское вепсское сельское поселение,д. Яшезеро
Прионежский муниципальный район,Шуйское сельское поселение,д. Бесовец
Прионежский муниципальный район,Шуйское сельское поселение,д. Верховье1
Прионежский муниципальный район,Шуйское сельское поселение,п. Карельская Деревня
Прионежский муниципальный район,Шуйское сельское поселение,д. Косалма
Прионежский муниципальный район,Шуйское сельское поселение,д. Маткачи1
Прионежский муниципальный район,Шуйское сельское поселение,д. Намоево
Прионежский муниципальный район,Шуйское сельское поселение,д. Царевичи
Прионежский муниципальный район,Шуйское сельское поселение,ст. Шуйская1
Прионежский муниципальный район,Шуйское сельское поселение,д. Шуйская Чупа
Прионежский муниципальный район,Шуйское сельское поселение,п. Шуя
Пряжинский муниципальный район,Пряжинское городское поселение,д. Киндасово
Пряжинский муниципальный район,Пряжинское городское поселение,д. Маньга
Пряжинский муниципальный район,Пряжинское городское поселение,п. Маньга
Пряжинский муниципальный район,Ведлозерское сельское поселение,д. Акимово
Пряжинский муниципальный район,Ведлозерское сельское поселение,с. Ведлозеро
Пряжинский муниципальный район,Ведлозерское сельское поселение,д. Гилкожа
Пряжинский муниципальный район,Ведлозерское сельское поселение,д. Гутсельга
Пряжинский муниципальный район,Ведлозерское сельское поселение,д. Каскессельга
Пряжинский муниципальный район,Ведлозерское сельское поселение,п. Кинелахта
Пряжинский муниципальный район,Ведлозерское сельское поселение,д. Кинерма
Пряжинский муниципальный район,Ведлозерское сельское поселение,д. Койвусельга
Пряжинский муниципальный район,Ведлозерское сельское поселение,п. Койвусельга
Пряжинский муниципальный район,Ведлозерское сельское поселение,с. Колатсельга
Пряжинский муниципальный район,Ведлозерское сельское поселение,д. Куккойла
Пряжинский муниципальный район,Ведлозерское сельское поселение,д. Кукойнваара
Пряжинский муниципальный район,Ведлозерское сельское поселение,д. Кутчезеро
Пряжинский муниципальный район,Ведлозерское сельское поселение,д. Кохтусельга
Пряжинский муниципальный район,Ведлозерское сельское поселение,д. Ламбинаволок
Пряжинский муниципальный район,Ведлозерское сельское поселение,д. Ламбисельга
Пряжинский муниципальный район,Ведлозерское сельское поселение,д. Лахта
Пряжинский муниципальный район,Ведлозерское сельское поселение,д. Мандера
Пряжинский муниципальный район,Ведлозерское сельское поселение,д. Маясельга
Пряжинский муниципальный район,Ведлозерское сельское поселение,д. Палалахта
Пряжинский муниципальный район,Ведлозерское сельское поселение,д. Паннила
Пряжинский муниципальный район,Ведлозерское сельское поселение,д. Паннисельга
Пряжинский муниципальный район,Ведлозерское сельское поселение,д. Погойла
Пряжинский муниципальный район,Ведлозерское сельское поселение,д. Пунчойла
Пряжинский муниципальный район,Ведлозерское сельское поселение,д. Репное Озеро
Пряжинский муниципальный район,Ведлозерское сельское поселение,д. Савиново
Пряжинский муниципальный район,Ведлозерское сельское поселение,д. Симанова Сельга
Пряжинский муниципальный район,Ведлозерское сельское поселение,д. Сыссойла
Пряжинский муниципальный район,Ведлозерское сельское поселение,д. Хлебозеро
Пряжинский муниципальный район,Ведлозерское сельское поселение,д. Чёрная Ламба
Пряжинский муниципальный район,Ведлозерское сельское поселение,д. Щеккила
Пряжинский муниципальный район,Ведлозерское сельское поселение,д. Щукнаволок
Пряжинский муниципальный район,Ведлозерское сельское поселение,д. Юргилица
Пряжинский муниципальный район,Крошнозерское сельское поселение,д. Гонганалица
Пряжинский муниципальный район,Крошнозерское сельское поселение,д. Ёршнаволок
Пряжинский муниципальный район,Крошнозерское сельское поселение,д. Каскеснаволок
Пряжинский муниципальный район,Крошнозерское сельское поселение,д. Коккойла
Пряжинский муниципальный район,Крошнозерское сельское поселение,д. Котчура
Пряжинский муниципальный район,Крошнозерское сельское поселение,с. Крошнозеро
Пряжинский муниципальный район,Матросское сельское поселение,п. Матросы
Пряжинский муниципальный район,Святозерское сельское поселение,д. Важинская Пристань
Пряжинский муниципальный район,Святозерское сельское поселение,п. Верхние Важины
Пряжинский муниципальный район,Святозерское сельское поселение,д. Лижма
Пряжинский муниципальный район,Святозерское сельское поселение,с. Святозеро
Пряжинский муниципальный район,Чалнинское сельское поселение,п. Чална
Пряжинский муниципальный район,Чалнинское сельское поселение,д. Виданы
Пряжинский муниципальный район,Чалнинское сельское поселение,п. Виллагора
Пряжинский муниципальный район,Чалнинское сельское поселение,cт. Виллагора
Пряжинский муниципальный район,Чалнинское сельское поселение,п. Кутижма
Пряжинский муниципальный район,Чалнинское сельское поселение,ст. Кутижма
Пряжинский муниципальный район,Чалнинское сельское поселение,д. Нижние Виданы
Пряжинский муниципальный район,Чалнинское сельское поселение,д. Падозеро
Пряжинский муниципальный район,Чалнинское сельское поселение,ст. Падозеро
Пряжинский муниципальный район,Эссойльское сельское поселение,д. Алекка
Пряжинский муниципальный район,Эссойльское сельское поселение,д. Ангенлахта
Пряжинский муниципальный район,Эссойльское сельское поселение,д. Иванисто
Пряжинский муниципальный район,Эссойльское сельское поселение,д. Каменьнаволок
Пряжинский муниципальный район,Эссойльское сельское поселение,д. Корза
Пряжинский муниципальный район,Эссойльское сельское поселение,п. Кудама
Пряжинский муниципальный район,Эссойльское сельское поселение,п. Кунгозерский
Пряжинский муниципальный район,Эссойльское сельское поселение,д. Курмойла
Пряжинский муниципальный район,Эссойльское сельское поселение,д. Лахта
Пряжинский муниципальный район,Эссойльское сельское поселение,д. Метчелица
Пряжинский муниципальный район,Эссойльское сельское поселение,д. Мишинсельга
Пряжинский муниципальный район,Эссойльское сельское поселение,д. Нижняя Салма
Пряжинский муниципальный район,Эссойльское сельское поселение,п. Новые Пески
Пряжинский муниципальный район,Эссойльское сельское поселение,д. Проккойла
Пряжинский муниципальный район,Эссойльское сельское поселение,д. Рубчойла
Пряжинский муниципальный район,Эссойльское сельское поселение,д. Салменица
Пряжинский муниципальный район,Эссойльское сельское поселение,п. Соддер
Пряжинский муниципальный район,Эссойльское сельское поселение,д. Сямозеро
Пряжинский муниципальный район,Эссойльское сельское поселение,п. Сяпся
Пряжинский муниципальный район,Эссойльское сельское поселение,д. Сяргилахта
Пряжинский муниципальный район,Эссойльское сельское поселение,д. Улялега
Пряжинский муниципальный район,Эссойльское сельское поселение,д. Чуйнаволок
Пряжинский муниципальный район,Эссойльское сельское поселение,д. Чуралахта
Пряжинский муниципальный район,Эссойльское сельское поселение,п. Эссойла
Пряжинский муниципальный район,Эссойльское сельское поселение,с. Эссойла
Пудожский муниципальный район,Пудожское городское поселение,д. Афанасьевская
Пудожский муниципальный район,Пудожское городское поселение,п. Аэропорт
Пудожский муниципальный район,Пудожское городское поселение,д. Гладкина
Пудожский муниципальный район,Пудожское городское поселение,д. Колово
Пудожский муниципальный район,Пудожское городское поселение,п. Колово
Пудожский муниципальный район,Пудожское городское поселение,д. Кошуково
Пудожский муниципальный район,Пудожское городское поселение,д. Мячева1
Пудожский муниципальный район,Пудожское городское поселение,д. Ножево
Пудожский муниципальный район,Пудожское городское поселение,п. Подпорожье
Пудожский муниципальный район,Пудожское городское поселение,д. Филимоновская
Пудожский муниципальный район,Пудожское городское поселение,д. Харловская
Пудожский муниципальный район,Авдеевское сельское поселение,д. Авдеево
Пудожский муниципальный район,Авдеевское сельское поселение,д. Алексеево
Пудожский муниципальный район,Авдеевское сельское поселение,д. Бураково
Пудожский муниципальный район,Авдеевское сельское поселение,д. Октябрьская
Пудожский муниципальный район,Авдеевское сельское поселение,п. Онежский
Пудожский муниципальный район,Авдеевское сельское поселение,д. Песчаное
Пудожский муниципальный район,Авдеевское сельское поселение,п. Рагнукса
Пудожский муниципальный район,Красноборское сельское поселение,д. Гакугса
Пудожский муниципальный район,Красноборское сельское поселение,д. Каршево
Пудожский муниципальный район,Красноборское сельское поселение,п. Красноборский
Пудожский муниципальный район,Красноборское сельское поселение,д. Нигижма
Пудожский муниципальный район,Красноборское сельское поселение,п. Чернореченский
Пудожский муниципальный район,Кривецкое сельское поселение,д. Дубовская
Пудожский муниципальный район,Кривецкое сельское поселение,д. Ершова
Пудожский муниципальный район,Кривецкое сельское поселение,д. Заозерье
Пудожский муниципальный район,Кривецкое сельское поселение,д. Кривцы
Пудожский муниципальный район,Кривецкое сельское поселение,п. Кривцы
Пудожский муниципальный район,Кривецкое сельское поселение,д. Остров
Пудожский муниципальный район,Кривецкое сельское поселение,д. Пелусозеро
Пудожский муниципальный район,Кривецкое сельское поселение,д. Пирзаково
Пудожский муниципальный район,Кривецкое сельское поселение,д. Погост
Пудожский муниципальный район,Кривецкое сельское поселение,п. Приречный
Пудожский муниципальный район,Кривецкое сельское поселение,д. Пялозеро
Пудожский муниципальный район,Кривецкое сельское поселение,д. Стешевская
Пудожский муниципальный район,Кривецкое сельское поселение,д. Татарская Гора
Пудожский муниципальный район,Кривецкое сельское поселение,д. Усть-Река
Пудожский муниципальный район,Кривецкое сельское поселение,д. Щаниковская
Пудожский муниципальный район,Кубовское сельское поселение,д. Водла
Пудожский муниципальный район,Кубовское сельское поселение,п. Водла
Пудожский муниципальный район,Кубовское сельское поселение,п. Кубово
Пудожский муниципальный район,Кубовское сельское поселение,п. Кубовский сплавучасток
Пудожский муниципальный район,Кубовское сельское поселение,д. Кубовская
Пудожский муниципальный район,Кубовское сельское поселение,п. Поршта
Пудожский муниципальный район,Куганаволокское сельское поселение,д. Бостилово
Пудожский муниципальный район,Куганаволокское сельское поселение,д. Вамская Плотина
Пудожский муниципальный район,Куганаволокское сельское поселение,д. Канзанаволок
Пудожский муниципальный район,Куганаволокское сельское поселение,д. Кевасалма
Пудожский муниципальный район,Куганаволокское сельское поселение,д. Колгостров
Пудожский муниципальный район,Куганаволокское сельское поселение,д. Коскосалма
Пудожский муниципальный район,Куганаволокское сельское поселение,д. Куганаволок
Пудожский муниципальный район,Куганаволокское сельское поселение,д. Пелгостров
Пудожский муниципальный район,Куганаволокское сельское поселение,д. Чуяла
Пудожский муниципальный район,Пяльмское сельское поселение,д. Кодачгуба
Пудожский муниципальный район,Пяльмское сельское поселение,д. Остричи
Пудожский муниципальный район,Пяльмское сельское поселение,п. Пудожгорский
Пудожский муниципальный район,Пяльмское сельское поселение,д. Пяльма
Пудожский муниципальный район,Пяльмское сельское поселение,п. Пяльма
Пудожский муниципальный район,Пяльмское сельское поселение,д. Римское
Пудожский муниципальный район,Пяльмское сельское поселение,п. Тамбицы
Пудожский муниципальный район,Пяльмское сельское поселение,п. Тамбичозеро
Пудожский муниципальный район,Шальское сельское поселение,д. Бочилово
Пудожский муниципальный район,Шальское сельское поселение,п. Бочилово
Пудожский муниципальный район,Шальское сельское поселение,п. Кашино
Пудожский муниципальный район,Шальское сельское поселение,п. Нефтебаза
Пудожский муниципальный район,Шальское сельское поселение,п. Ново-Стеклянное
Пудожский муниципальный район,Шальское сельское поселение,д. Рогозинская
Пудожский муниципальный район,Шальское сельское поселение,д. Семёново
Пудожский муниципальный район,Шальское сельское поселение,д. Теребовская
Пудожский муниципальный район,Шальское сельское поселение,п. Шала Пристань
Пудожский муниципальный район,Шальское сельское поселение,п. Шальский
Пудожский муниципальный район,Шальское сельское поселение,п. Шалуха
Сегежский муниципальный район,Сегежское городское поселение,
Сегежский муниципальный район,Надвоицкое городское поселение,п. Верхний
Сегежский муниципальный район,Надвоицкое городское поселение,д. Дуброво
Сегежский муниципальный район,Надвоицкое городское поселение,д. Каменный Бор
Сегежский муниципальный район,Надвоицкое городское поселение,д. Надвоицы
Сегежский муниципальный район,Надвоицкое городское поселение,п. при 10 шлюзе ББК
Сегежский муниципальный район,Надвоицкое городское поселение,п. Пристань Надвоицы
Сегежский муниципальный район,Валдайское сельское поселение,п. Валдай
Сегежский муниципальный район,Валдайское сельское поселение,п. Вожмогора
Сегежский муниципальный район,Валдайское сельское поселение,п. Вожмозеро
Сегежский муниципальный район,Валдайское сельское поселение,д. Полга
Сегежский муниципальный район,Идельское сельское поселение,п. Идель
Сегежский муниципальный район,Идельское сельское поселение,п. Кочкома
Сегежский муниципальный район,Идельское сельское поселение,п. Лососий
Сегежский муниципальный район,Идельское сельское поселение,д. Майгуба
Сегежский муниципальный район,Идельское сельское поселение,п. Майгуба
Сегежский муниципальный район,Идельское сельское поселение,п. при 11 шлюзе ББК
Сегежский муниципальный район,Идельское сельское поселение,п. Сумский
Сегежский муниципальный район,Идельское сельское поселение,ст. Шавань
Сегежский муниципальный район,Поповпорожское сельское поселение,ст. Быстряги
Сегежский муниципальный район,Поповпорожское сельское поселение,п. Волдозеро
Сегежский муниципальный район,Поповпорожское сельское поселение,п. Кяргозеро
Сегежский муниципальный район,Поповпорожское сельское поселение,п. Попов Порог
Сегежский муниципальный район,Поповпорожское сельское поселение,ст. Раменцы
Сегежский муниципальный район,Поповпорожское сельское поселение,ст. Ригозеро
Сегежский муниципальный район,Поповпорожское сельское поселение,ст. Суглица
Сегежский муниципальный район,Поповпорожское сельское поселение,ст. Сумеричи
Сегежский муниципальный район,Поповпорожское сельское поселение,п. Табойпорог
Сегежский муниципальный район,Поповпорожское сельское поселение,ст. Уросозеро
Сегежский муниципальный район,Поповпорожское сельское поселение,ст. Шпаловая
Сегежский муниципальный район,Поповпорожское сельское поселение,д. Юркиннаволок
Сегежский муниципальный район,Чернопорожское сельское поселение,п. Вача
Сегежский муниципальный район,Чернопорожское сельское поселение,п. Олений
Сегежский муниципальный район,Чернопорожское сельское поселение,п. Пертозеро
Сегежский муниципальный район,Чернопорожское сельское поселение,п. Чёрный Порог
Сортавальский муниципальный район,Сортавальское городское поселение,п. Валаам
Сортавальский муниципальный район,Сортавальское городское поселение,п. Заречье
Сортавальский муниципальный район,Сортавальское городское поселение,п. Красная Горка
Сортавальский муниципальный район,Сортавальское городское поселение,п. Ламберг
Сортавальский муниципальный район,Сортавальское городское поселение,п. Лахденкюля
Сортавальский муниципальный район,Сортавальское городское поселение,п. Нукутталахти
Сортавальский муниципальный район,Сортавальское городское поселение,п. Оявойс
Сортавальский муниципальный район,Сортавальское городское поселение,п. Рантуэ
Сортавальский муниципальный район,Сортавальское городское поселение,п. Токкарлахти
Сортавальский муниципальный район,Сортавальское городское поселение,п. Хюмпеля
Сортавальский муниципальный район,Сортавальское городское поселение,п. Раутакангас
Сортавальский муниципальный район,Сортавальское городское поселение,с. Хелюля
Сортавальский муниципальный район,Кааламское сельское поселение,ст. Алалампи
Сортавальский муниципальный район,Кааламское сельское поселение,п. Кааламо
Сортавальский муниципальный район,Кааламское сельское поселение,п. Кекоселькя
Сортавальский муниципальный район,Кааламское сельское поселение,п. Киркколахти
Сортавальский муниципальный район,Кааламское сельское поселение,п. Кирьявалахти
Сортавальский муниципальный район,Кааламское сельское поселение,п. Контиолахти
Сортавальский муниципальный район,Кааламское сельское поселение,п. Куконваара
Сортавальский муниципальный район,Кааламское сельское поселение,п. Леппяселькя
Сортавальский муниципальный район,Кааламское сельское поселение,п. Маткаселькя
Сортавальский муниципальный район,Кааламское сельское поселение,п. Отраккала
Сортавальский муниципальный район,Кааламское сельское поселение,п. Партала
Сортавальский муниципальный район,Кааламское сельское поселение,ст. Пирттипохья
Сортавальский муниципальный район,Кааламское сельское поселение,п. Пуйккола
Сортавальский муниципальный район,Кааламское сельское поселение,п. Рускеала
Сортавальский муниципальный район,Кааламское сельское поселение,п. Рюттю
Сортавальский муниципальный район,Кааламское сельское поселение,п. Саханкоски
Сортавальский муниципальный район,Кааламское сельское поселение,хут. Суйкка
Сортавальский муниципальный район,Кааламское сельское поселение,мест. Ханки
Сортавальский муниципальный район,Кааламское сельское поселение,п. Ханнуккаланмяки
Сортавальский муниципальный район,Кааламское сельское поселение,мест. Яккима
Сортавальский муниципальный район,Хаапалампинское сельское поселение,п. Вуорио
Сортавальский муниципальный район,Хаапалампинское сельское поселение,п. Заозерный
Сортавальский муниципальный район,Хаапалампинское сельское поселение,п. Куокканиэми
Сортавальский муниципальный район,Хаапалампинское сельское поселение,п. Лавиярви
Сортавальский муниципальный район,Хаапалампинское сельское поселение,п. Мейери
Сортавальский муниципальный район,Хаапалампинское сельское поселение,п. Ниэмелянхови
Сортавальский муниципальный район,Хаапалампинское сельское поселение,п. Рауталахти
Сортавальский муниципальный район,Хаапалампинское сельское поселение,п. Реускула
Сортавальский муниципальный район,Хаапалампинское сельское поселение,п. Тарулинна
Сортавальский муниципальный район,Хаапалампинское сельское поселение,п. Туокслахти
Сортавальский муниципальный район,Хаапалампинское сельское поселение,п. Туоксъярви
Сортавальский муниципальный район,Хаапалампинское сельское поселение,п. Уусикюля
Сортавальский муниципальный район,Хаапалампинское сельское поселение,п. участка №1 совхоза “Сортавальский”
Сортавальский муниципальный район,Хаапалампинское сельское поселение,п. Хаапалампи
Сортавальский муниципальный район,Хаапалампинское сельское поселение,п. Хотинлахти
Суоярвский муниципальный район,Суоярвское городское поселение,
Суоярвский муниципальный район,Вешкельское сельское поселение,д. Арькойла
Суоярвский муниципальный район,Вешкельское сельское поселение,с. Вешкелица
Суоярвский муниципальный район,Вешкельское сельское поселение,п. Игнойла
Суоярвский муниципальный район,Вешкельское сельское поселение,д. Хаутаваара
Суоярвский муниципальный район,Вешкельское сельское поселение,д. Хюрсюля
Суоярвский муниципальный район,Лоймольское сельское поселение,п. Вегарус
Суоярвский муниципальный район,Лоймольское сельское поселение,д. Кясняселькя
Суоярвский муниципальный район,Лоймольское сельское поселение,п. Леппясюрья
Суоярвский муниципальный район,Лоймольское сельское поселение,ст. Леппясюрья
Суоярвский муниципальный район,Лоймольское сельское поселение,п. Лоймола
Суоярвский муниципальный район,Лоймольское сельское поселение,п. Пийтсиёки
Суоярвский муниципальный район,Лоймольское сельское поселение,п. Райконкоски
Суоярвский муниципальный район,Лоймольское сельское поселение,п. Соанлахти
Суоярвский муниципальный район,Лоймольское сельское поселение,п. Суйстамо
Суоярвский муниципальный район,Лоймольское сельское поселение,ст. Суйстамо
Суоярвский муниципальный район,Найстенъярвское сельское поселение,п. Лахколампи
Суоярвский муниципальный район,Найстенъярвское сельское поселение,п. Леппяниэми
Суоярвский муниципальный район,Найстенъярвское сельское поселение,п. Найстенъярви
Суоярвский муниципальный район,Найстенъярвское сельское поселение,п. Суоёки
Суоярвский муниципальный район,Найстенъярвское сельское поселение,п. Тойвола
Суоярвский муниципальный район,Найстенъярвское сельское поселение,п. Турханваара
Суоярвский муниципальный район,Поросозерское сельское поселение,п. Гумарино
Суоярвский муниципальный район,Поросозерское сельское поселение,п. Костомукса
Суоярвский муниципальный район,Поросозерское сельское поселение,п. Поросозеро
Суоярвский муниципальный район,Поросозерское сельское поселение,д. Совдозеро